audio_id,logit
test_0000077,0.00000000
test_0000151,0.00000000
test_0000190,0.00000000
test_0000269,0.00000000
test_0000305,0.00000000
